{
	"thumbnails" : 
	[
		{
			"fileSize" : 408,
			"height" : 100,
			"layout" : "Model",
			"mime" : "image/png",
			"path" : "T:\\Aces\\Jobs\\d74fc91d8b7b4b098b0f4d99e4bb8252\\output\\House3d-Model_100.png",
			"width" : 100
		},
		{
			"fileSize" : 893,
			"height" : 200,
			"layout" : "Model",
			"mime" : "image/png",
			"path" : "T:\\Aces\\Jobs\\d74fc91d8b7b4b098b0f4d99e4bb8252\\output\\House3d-Model_200.png",
			"width" : 200
		},
		{
			"fileSize" : 2773,
			"height" : 400,
			"layout" : "Model",
			"mime" : "image/png",
			"path" : "T:\\Aces\\Jobs\\d74fc91d8b7b4b098b0f4d99e4bb8252\\output\\House3d-Model_400.png",
			"width" : 400
		}
	]
}
