{
	"thumbnails" : 
	[
		{
			"fileSize" : 910,
			"height" : 100,
			"layout" : "Layout1",
			"mime" : "image/png",
			"path" : "T:\\Aces\\Jobs\\d74fc91d8b7b4b098b0f4d99e4bb8252\\output\\House3d-Layout1_100.png",
			"width" : 100
		},
		{
			"fileSize" : 1065,
			"height" : 200,
			"layout" : "Layout1",
			"mime" : "image/png",
			"path" : "T:\\Aces\\Jobs\\d74fc91d8b7b4b098b0f4d99e4bb8252\\output\\House3d-Layout1_200.png",
			"width" : 200
		},
		{
			"fileSize" : 1578,
			"height" : 400,
			"layout" : "Layout1",
			"mime" : "image/png",
			"path" : "T:\\Aces\\Jobs\\d74fc91d8b7b4b098b0f4d99e4bb8252\\output\\House3d-Layout1_400.png",
			"width" : 400
		}
	]
}
